"filename", "language", "Groovy", "Java", "comment", "blank", "total"
"d:\javaProjects\GravityEngine\common\build.gradle", "Groovy", 26, 0, 4, 7, 37
"d:\javaProjects\GravityEngine\common\settings.gradle", "Groovy", 1, 0, 0, 2, 3
"d:\javaProjects\GravityEngine\common\src\main\java\cc\sighs\gravityengine\api\field\GravityField.java", "Java", 0, 4, 24, 3, 31
"d:\javaProjects\GravityEngine\common\src\main\java\cc\sighs\gravityengine\api\field\GravityFieldBounds.java", "Java", 0, 32, 13, 3, 48
"d:\javaProjects\GravityEngine\common\src\main\java\cc\sighs\gravityengine\api\field\GravityFieldCompositionMode.java", "Java", 0, 5, 24, 4, 33
"d:\javaProjects\GravityEngine\common\src\main\java\cc\sighs\gravityengine\api\field\GravityFieldQuery.java", "Java", 0, 60, 11, 14, 85
"d:\javaProjects\GravityEngine\common\src\main\java\cc\sighs\gravityengine\api\field\GravityFieldSample.java", "Java", 0, 18, 11, 7, 36
"d:\javaProjects\GravityEngine\common\src\main\java\cc\sighs\gravityengine\api\field\GravityFields.java", "Java", 0, 93, 84, 12, 189
"d:\javaProjects\GravityEngine\common\src\main\java\cc\sighs\gravityengine\api\field\GravityInfluenceVolume.java", "Java", 0, 7, 16, 6, 29
"d:\javaProjects\GravityEngine\common\src\main\java\cc\sighs\gravityengine\api\field\package-info.java", "Java", 0, 1, 35, 1, 37
"d:\javaProjects\GravityEngine\common\src\main\java\cc\sighs\gravityengine\api\math\Vec3d.java", "Java", 0, 139, 21, 26, 186
"d:\javaProjects\GravityEngine\common\src\main\java\cc\sighs\gravityengine\api\math\package-info.java", "Java", 0, 1, 7, 1, 9
"d:\javaProjects\GravityEngine\common\src\main\java\cc\sighs\gravityengine\attitude\AngularTrajectory.java", "Java", 0, 313, 25, 31, 369
"d:\javaProjects\GravityEngine\common\src\main\java\cc\sighs\gravityengine\attitude\AttitudeSpaceTransform.java", "Java", 0, 295, 107, 39, 441
"d:\javaProjects\GravityEngine\common\src\main\java\cc\sighs\gravityengine\attitude\BodyAttitudeConfigSnapshot.java", "Java", 0, 160, 3, 4, 167
"d:\javaProjects\GravityEngine\common\src\main\java\cc\sighs\gravityengine\attitude\BodyAttitudeConstraintKind.java", "Java", 0, 6, 9, 2, 17
"d:\javaProjects\GravityEngine\common\src\main\java\cc\sighs\gravityengine\attitude\BodyAttitudeControlAuthority.java", "Java", 0, 33, 13, 9, 55
"d:\javaProjects\GravityEngine\common\src\main\java\cc\sighs\gravityengine\attitude\BodyAttitudeControlProfile.java", "Java", 0, 20, 3, 4, 27
"d:\javaProjects\GravityEngine\common\src\main\java\cc\sighs\gravityengine\attitude\BodyAttitudeController.java", "Java", 0, 411, 97, 80, 588
"d:\javaProjects\GravityEngine\common\src\main\java\cc\sighs\gravityengine\attitude\BodyAttitudeInput.java", "Java", 0, 30, 10, 6, 46
"d:\javaProjects\GravityEngine\common\src\main\java\cc\sighs\gravityengine\attitude\BodyAttitudeMath.java", "Java", 0, 205, 14, 38, 257
"d:\javaProjects\GravityEngine\common\src\main\java\cc\sighs\gravityengine\attitude\BodyAttitudePlayerState.java", "Java", 0, 18, 9, 2, 29
"d:\javaProjects\GravityEngine\common\src\main\java\cc\sighs\gravityengine\attitude\BodyAttitudeState.java", "Java", 0, 110, 14, 19, 143
"d:\javaProjects\GravityEngine\common\src\main\java\cc\sighs\gravityengine\attitude\BodyAttitudeStepContext.java", "Java", 0, 39, 1, 12, 52
"d:\javaProjects\GravityEngine\common\src\main\java\cc\sighs\gravityengine\attitude\BodyAttitudeStepResult.java", "Java", 0, 45, 4, 8, 57
"d:\javaProjects\GravityEngine\common\src\main\java\cc\sighs\gravityengine\attitude\BodyLookControlSample.java", "Java", 0, 8, 2, 3, 13
"d:\javaProjects\GravityEngine\common\src\main\java\cc\sighs\gravityengine\attitude\BodyLookResolver.java", "Java", 0, 12, 1, 3, 16
"d:\javaProjects\GravityEngine\common\src\main\java\cc\sighs\gravityengine\attitude\BodyRelativeViewState.java", "Java", 0, 151, 31, 24, 206
"d:\javaProjects\GravityEngine\common\src\main\java\cc\sighs\gravityengine\attitude\BodyViewConstraintSolver.java", "Java", 0, 57, 8, 8, 73
"d:\javaProjects\GravityEngine\common\src\main\java\cc\sighs\gravityengine\attitude\SemanticView.java", "Java", 0, 33, 7, 9, 49
"d:\javaProjects\GravityEngine\common\src\main\java\cc\sighs\gravityengine\attitude\runtime\BodyAttitudeActivationPolicy.java", "Java", 0, 15, 1, 7, 23
"d:\javaProjects\GravityEngine\common\src\main\java\cc\sighs\gravityengine\attitude\runtime\BodyAttitudeContinuity.java", "Java", 0, 6, 1, 2, 9
"d:\javaProjects\GravityEngine\common\src\main\java\cc\sighs\gravityengine\attitude\runtime\BodyAttitudeControlPolicyResolver.java", "Java", 0, 49, 6, 9, 64
"d:\javaProjects\GravityEngine\common\src\main\java\cc\sighs\gravityengine\attitude\runtime\BodyAttitudeDecision.java", "Java", 0, 52, 8, 10, 70
"d:\javaProjects\GravityEngine\common\src\main\java\cc\sighs\gravityengine\attitude\runtime\BodyAttitudeLookRebase.java", "Java", 0, 11, 6, 2, 19
"d:\javaProjects\GravityEngine\common\src\main\java\cc\sighs\gravityengine\attitude\runtime\BodyAttitudeOwnership.java", "Java", 0, 5, 1, 2, 8
"d:\javaProjects\GravityEngine\common\src\main\java\cc\sighs\gravityengine\attitude\runtime\BodyAttitudeSuspensionLookPolicy.java", "Java", 0, 14, 8, 4, 26
"d:\javaProjects\GravityEngine\common\src\main\java\cc\sighs\gravityengine\attitude\runtime\BodyAttitudeSuspensionReason.java", "Java", 0, 18, 1, 2, 21
"d:\javaProjects\GravityEngine\common\src\main\java\cc\sighs\gravityengine\gravity\GravityFrame.java", "Java", 0, 191, 56, 32, 279
"d:\javaProjects\GravityEngine\common\src\main\java\cc\sighs\gravityengine\gravity\GravityState.java", "Java", 0, 76, 23, 20, 119
"d:\javaProjects\GravityEngine\common\src\main\java\cc\sighs\gravityengine\gravity\ballistic\BallisticGravityIntegrator.java", "Java", 0, 21, 1, 8, 30
"d:\javaProjects\GravityEngine\common\src\main\java\cc\sighs\gravityengine\gravity\collision\BlockMovementMaterialSnapshot.java", "Java", 0, 20, 14, 3, 37
"d:\javaProjects\GravityEngine\common\src\main\java\cc\sighs\gravityengine\gravity\collision\BlockObstacle.java", "Java", 0, 15, 7, 8, 30
"d:\javaProjects\GravityEngine\common\src\main\java\cc\sighs\gravityengine\gravity\collision\BodyCollisionDelta.java", "Java", 0, 226, 28, 28, 282
"d:\javaProjects\GravityEngine\common\src\main\java\cc\sighs\gravityengine\gravity\collision\CapsuleAabbCollision.java", "Java", 0, 557, 60, 41, 658
"d:\javaProjects\GravityEngine\common\src\main\java\cc\sighs\gravityengine\gravity\collision\CapsuleCapsuleCollision.java", "Java", 0, 136, 12, 12, 160
"d:\javaProjects\GravityEngine\common\src\main\java\cc\sighs\gravityengine\gravity\collision\CapsuleCcdConvergence.java", "Java", 0, 192, 37, 23, 252
"d:\javaProjects\GravityEngine\common\src\main\java\cc\sighs\gravityengine\gravity\collision\CapsuleRigidObstacleSweep.java", "Java", 0, 69, 2, 5, 76
"d:\javaProjects\GravityEngine\common\src\main\java\cc\sighs\gravityengine\gravity\collision\CapsuleSphereCollision.java", "Java", 0, 390, 12, 24, 426
"d:\javaProjects\GravityEngine\common\src\main\java\cc\sighs\gravityengine\gravity\collision\CapturedCollisionScene.java", "Java", 0, 250, 61, 44, 355
"d:\javaProjects\GravityEngine\common\src\main\java\cc\sighs\gravityengine\gravity\collision\CellPos.java", "Java", 0, 18, 10, 3, 31
"d:\javaProjects\GravityEngine\common\src\main\java\cc\sighs\gravityengine\gravity\collision\CollisionCaptureDomain.java", "Java", 0, 161, 74, 22, 257
"d:\javaProjects\GravityEngine\common\src\main\java\cc\sighs\gravityengine\gravity\collision\CollisionComplexityLimitException.java", "Java", 0, 6, 19, 2, 27
"d:\javaProjects\GravityEngine\common\src\main\java\cc\sighs\gravityengine\gravity\collision\CollisionContact.java", "Java", 0, 60, 19, 12, 91
"d:\javaProjects\GravityEngine\common\src\main\java\cc\sighs\gravityengine\gravity\collision\CollisionNarrowPhase.java", "Java", 0, 985, 88, 89, 1162
"d:\javaProjects\GravityEngine\common\src\main\java\cc\sighs\gravityengine\gravity\collision\CollisionObstacle.java", "Java", 0, 79, 9, 17, 105
"d:\javaProjects\GravityEngine\common\src\main\java\cc\sighs\gravityengine\gravity\collision\CollisionObstacleQuery.java", "Java", 0, 9, 6, 6, 21
"d:\javaProjects\GravityEngine\common\src\main\java\cc\sighs\gravityengine\gravity\collision\CollisionRecovery.java", "Java", 0, 214, 29, 28, 271
"d:\javaProjects\GravityEngine\common\src\main\java\cc\sighs\gravityengine\gravity\collision\CollisionScene.java", "Java", 0, 58, 66, 14, 138
"d:\javaProjects\GravityEngine\common\src\main\java\cc\sighs\gravityengine\gravity\collision\CollisionSceneCoverageException.java", "Java", 0, 6, 6, 2, 14
"d:\javaProjects\GravityEngine\common\src\main\java\cc\sighs\gravityengine\gravity\collision\CollisionSurfaceMotionProvider.java", "Java", 0, 16, 5, 6, 27
"d:\javaProjects\GravityEngine\common\src\main\java\cc\sighs\gravityengine\gravity\collision\CollisionTolerances.java", "Java", 0, 23, 40, 18, 81
"d:\javaProjects\GravityEngine\common\src\main\java\cc\sighs\gravityengine\gravity\collision\CollisionWorkBudget.java", "Java", 0, 54, 27, 5, 86
"d:\javaProjects\GravityEngine\common\src\main\java\cc\sighs\gravityengine\gravity\collision\CollisionWorkDiagnostics.java", "Java", 0, 38, 5, 1, 44
"d:\javaProjects\GravityEngine\common\src\main\java\cc\sighs\gravityengine\gravity\collision\CollisionWorkTracker.java", "Java", 0, 205, 19, 38, 262
"d:\javaProjects\GravityEngine\common\src\main\java\cc\sighs\gravityengine\gravity\collision\CombinedVectorRoute.java", "Java", 0, 271, 41, 24, 336
"d:\javaProjects\GravityEngine\common\src\main\java\cc\sighs\gravityengine\gravity\collision\ContactConstraintProjector.java", "Java", 0, 415, 46, 50, 511
"d:\javaProjects\GravityEngine\common\src\main\java\cc\sighs\gravityengine\gravity\collision\ContinuousSupportPolicy.java", "Java", 0, 53, 39, 12, 104
"d:\javaProjects\GravityEngine\common\src\main\java\cc\sighs\gravityengine\gravity\collision\CurrentContactConstraintBuilder.java", "Java", 0, 220, 56, 37, 313
"d:\javaProjects\GravityEngine\common\src\main\java\cc\sighs\gravityengine\gravity\collision\CurrentContactQuery.java", "Java", 0, 169, 32, 18, 219
"d:\javaProjects\GravityEngine\common\src\main\java\cc\sighs\gravityengine\gravity\collision\DynamicCollisionObstacleSnapshot.java", "Java", 0, 51, 6, 6, 63
"d:\javaProjects\GravityEngine\common\src\main\java\cc\sighs\gravityengine\gravity\collision\DynamicEntityBroadphasePolicy.java", "Java", 0, 73, 16, 13, 102
"d:\javaProjects\GravityEngine\common\src\main\java\cc\sighs\gravityengine\gravity\collision\EntityObstacle.java", "Java", 0, 29, 4, 5, 38
"d:\javaProjects\GravityEngine\common\src\main\java\cc\sighs\gravityengine\gravity\collision\FeetSupportQuery.java", "Java", 0, 375, 21, 47, 443
"d:\javaProjects\GravityEngine\common\src\main\java\cc\sighs\gravityengine\gravity\collision\GravityCharacterRoute.java", "Java", 0, 2101, 663, 274, 3038
"d:\javaProjects\GravityEngine\common\src\main\java\cc\sighs\gravityengine\gravity\collision\GravityGroundProbe.java", "Java", 0, 114, 12, 14, 140
"d:\javaProjects\GravityEngine\common\src\main\java\cc\sighs\gravityengine\gravity\collision\GravityMoveResult.java", "Java", 0, 276, 134, 53, 463
"d:\javaProjects\GravityEngine\common\src\main\java\cc\sighs\gravityengine\gravity\collision\GravitySupportContact.java", "Java", 0, 182, 70, 35, 287
"d:\javaProjects\GravityEngine\common\src\main\java\cc\sighs\gravityengine\gravity\collision\GroundTractionPolicy.java", "Java", 0, 95, 71, 25, 191
"d:\javaProjects\GravityEngine\common\src\main\java\cc\sighs\gravityengine\gravity\collision\KinematicSweepKernel.java", "Java", 0, 500, 68, 36, 604
"d:\javaProjects\GravityEngine\common\src\main\java\cc\sighs\gravityengine\gravity\collision\MovementIndeterminateReason.java", "Java", 0, 33, 1, 2, 36
"d:\javaProjects\GravityEngine\common\src\main\java\cc\sighs\gravityengine\gravity\collision\MultiContactSupport.java", "Java", 0, 224, 130, 34, 388
"d:\javaProjects\GravityEngine\common\src\main\java\cc\sighs\gravityengine\gravity\collision\ObbAngularTrajectory.java", "Java", 0, 55, 3, 10, 68
"d:\javaProjects\GravityEngine\common\src\main\java\cc\sighs\gravityengine\gravity\collision\ObbQueryContext.java", "Java", 0, 267, 29, 37, 333
"d:\javaProjects\GravityEngine\common\src\main\java\cc\sighs\gravityengine\gravity\collision\ObbRotationSweep.java", "Java", 0, 178, 34, 23, 235
"d:\javaProjects\GravityEngine\common\src\main\java\cc\sighs\gravityengine\gravity\collision\PassiveGravityMoveResult.java", "Java", 0, 140, 6, 21, 167
"d:\javaProjects\GravityEngine\common\src\main\java\cc\sighs\gravityengine\gravity\collision\RigidMotionSnapshot.java", "Java", 0, 107, 15, 5, 127
"d:\javaProjects\GravityEngine\common\src\main\java\cc\sighs\gravityengine\gravity\collision\RigidObstacleSweep.java", "Java", 0, 152, 12, 9, 173
"d:\javaProjects\GravityEngine\common\src\main\java\cc\sighs\gravityengine\gravity\collision\SphereObstacle.java", "Java", 0, 27, 8, 10, 45
"d:\javaProjects\GravityEngine\common\src\main\java\cc\sighs\gravityengine\gravity\collision\StepUpIntent.java", "Java", 0, 52, 28, 9, 89
"d:\javaProjects\GravityEngine\common\src\main\java\cc\sighs\gravityengine\gravity\collision\SupportFaceIdentity.java", "Java", 0, 22, 3, 5, 30
"d:\javaProjects\GravityEngine\common\src\main\java\cc\sighs\gravityengine\gravity\collision\SupportRegionPolicy.java", "Java", 0, 128, 22, 15, 165
"d:\javaProjects\GravityEngine\common\src\main\java\cc\sighs\gravityengine\gravity\collision\SweepContactResult.java", "Java", 0, 28, 7, 7, 42
"d:\javaProjects\GravityEngine\common\src\main\java\cc\sighs\gravityengine\gravity\collision\SweepInitialState.java", "Java", 0, 6, 1, 2, 9
"d:\javaProjects\GravityEngine\common\src\main\java\cc\sighs\gravityengine\gravity\collision\TerrainTraversalPolicy.java", "Java", 0, 96, 80, 23, 199
"d:\javaProjects\GravityEngine\common\src\main\java\cc\sighs\gravityengine\gravity\collision\VoxelContactReducer.java", "Java", 0, 751, 137, 87, 975
"d:\javaProjects\GravityEngine\common\src\main\java\cc\sighs\gravityengine\gravity\collision\WorldBorderCollisionSnapshot.java", "Java", 0, 105, 35, 19, 159
"d:\javaProjects\GravityEngine\common\src\main\java\cc\sighs\gravityengine\gravity\collision\WorldBorderObstacle.java", "Java", 0, 14, 1, 8, 23
"d:\javaProjects\GravityEngine\common\src\main\java\cc\sighs\gravityengine\gravity\collision\geometry\SphereObbCollision.java", "Java", 0, 522, 27, 41, 590
"d:\javaProjects\GravityEngine\common\src\main\java\cc\sighs\gravityengine\gravity\collision\geometry\SphereObbContact.java", "Java", 0, 33, 7, 6, 46
"d:\javaProjects\GravityEngine\common\src\main\java\cc\sighs\gravityengine\gravity\collision\geometry\SphereObbSweepHit.java", "Java", 0, 34, 7, 6, 47
"d:\javaProjects\GravityEngine\common\src\main\java\cc\sighs\gravityengine\gravity\collision\geometry\SphereSweepResult.java", "Java", 0, 32, 6, 8, 46
"d:\javaProjects\GravityEngine\common\src\main\java\cc\sighs\gravityengine\gravity\field\HeightGravityField.java", "Java", 0, 39, 16, 5, 60
"d:\javaProjects\GravityEngine\common\src\main\java\cc\sighs\gravityengine\gravity\field\InfiniteInfluenceVolume.java", "Java", 0, 19, 4, 8, 31
"d:\javaProjects\GravityEngine\common\src\main\java\cc\sighs\gravityengine\gravity\field\SphereInfluenceVolume.java", "Java", 0, 42, 1, 8, 51
"d:\javaProjects\GravityEngine\common\src\main\java\cc\sighs\gravityengine\gravity\field\SphericalGravityMath.java", "Java", 0, 59, 3, 10, 72
"d:\javaProjects\GravityEngine\common\src\main\java\cc\sighs\gravityengine\gravity\field\SphericalMassGravityField.java", "Java", 0, 111, 37, 12, 160
"d:\javaProjects\GravityEngine\common\src\main\java\cc\sighs\gravityengine\gravity\field\ZeroGravityField.java", "Java", 0, 15, 11, 6, 32
"d:\javaProjects\GravityEngine\common\src\main\java\cc\sighs\gravityengine\gravity\kinematic\KinematicMoveRequest.java", "Java", 0, 26, 20, 10, 56
"d:\javaProjects\GravityEngine\common\src\main\java\cc\sighs\gravityengine\gravity\kinematic\KinematicStepContext.java", "Java", 0, 31, 15, 4, 50
"d:\javaProjects\GravityEngine\common\src\main\java\cc\sighs\gravityengine\gravity\kinematic\MovementEvidence.java", "Java", 0, 181, 26, 32, 239
"d:\javaProjects\GravityEngine\common\src\main\java\cc\sighs\gravityengine\gravity\kinematic\OwnedMotion.java", "Java", 0, 130, 12, 27, 169
"d:\javaProjects\GravityEngine\common\src\main\java\cc\sighs\gravityengine\gravity\kinematic\SweepTimeWindow.java", "Java", 0, 123, 26, 13, 162
"d:\javaProjects\GravityEngine\common\src\main\java\cc\sighs\gravityengine\gravity\kinematic\geometry\CharacterCapsule.java", "Java", 0, 172, 12, 21, 205
"d:\javaProjects\GravityEngine\common\src\main\java\cc\sighs\gravityengine\gravity\kinematic\geometry\CollisionBody.java", "Java", 0, 50, 20, 9, 79
"d:\javaProjects\GravityEngine\common\src\main\java\cc\sighs\gravityengine\gravity\kinematic\geometry\OrientedBox.java", "Java", 0, 155, 51, 28, 234
"d:\javaProjects\GravityEngine\common\src\main\java\cc\sighs\gravityengine\gravity\model\CommittedGravityApplication.java", "Java", 0, 26, 0, 7, 33
"d:\javaProjects\GravityEngine\common\src\main\java\cc\sighs\gravityengine\gravity\model\GravityAccelerationMode.java", "Java", 0, 6, 1, 2, 9
"d:\javaProjects\GravityEngine\common\src\main\java\cc\sighs\gravityengine\gravity\model\GravityApplicationPlan.java", "Java", 0, 49, 8, 16, 73
"d:\javaProjects\GravityEngine\common\src\main\java\cc\sighs\gravityengine\gravity\model\GravityAuthorityMode.java", "Java", 0, 21, 7, 6, 34
"d:\javaProjects\GravityEngine\common\src\main\java\cc\sighs\gravityengine\gravity\model\GravityEntityCapabilities.java", "Java", 0, 17, 13, 6, 36
"d:\javaProjects\GravityEngine\common\src\main\java\cc\sighs\gravityengine\gravity\model\GravityOperationType.java", "Java", 0, 9, 12, 3, 24
"d:\javaProjects\GravityEngine\common\src\main\java\cc\sighs\gravityengine\gravity\model\GravitySuppressionReason.java", "Java", 0, 21, 3, 5, 29
"d:\javaProjects\GravityEngine\common\src\main\java\cc\sighs\gravityengine\gravity\movement\CharacterAttitudeContract.java", "Java", 0, 16, 39, 4, 59
"d:\javaProjects\GravityEngine\common\src\main\java\cc\sighs\gravityengine\gravity\movement\CharacterControlBasis.java", "Java", 0, 2, 0, 2, 4
"d:\javaProjects\GravityEngine\common\src\main\java\cc\sighs\gravityengine\gravity\movement\CharacterControlMode.java", "Java", 0, 66, 29, 19, 114
"d:\javaProjects\GravityEngine\common\src\main\java\cc\sighs\gravityengine\gravity\movement\CharacterControlPlan.java", "Java", 0, 17, 1, 4, 22
"d:\javaProjects\GravityEngine\common\src\main\java\cc\sighs\gravityengine\gravity\movement\CharacterControlStep.java", "Java", 0, 26, 3, 2, 31
"d:\javaProjects\GravityEngine\common\src\main\java\cc\sighs\gravityengine\gravity\movement\CharacterGroundFacts.java", "Java", 0, 26, 5, 6, 37
"d:\javaProjects\GravityEngine\common\src\main\java\cc\sighs\gravityengine\gravity\movement\CharacterLocomotionControlPolicyResolver.java", "Java", 0, 54, 17, 9, 80
"d:\javaProjects\GravityEngine\common\src\main\java\cc\sighs\gravityengine\gravity\movement\CharacterLocomotionTechnique.java", "Java", 0, 2, 0, 2, 4
"d:\javaProjects\GravityEngine\common\src\main\java\cc\sighs\gravityengine\gravity\movement\CharacterMovementBasis.java", "Java", 0, 31, 1, 5, 37
"d:\javaProjects\GravityEngine\common\src\main\java\cc\sighs\gravityengine\gravity\movement\CharacterPresentationIntent.java", "Java", 0, 2, 0, 2, 4
"d:\javaProjects\GravityEngine\common\src\main\java\cc\sighs\gravityengine\gravity\movement\ClosestSpaceEscapePolicy.java", "Java", 0, 47, 24, 12, 83
"d:\javaProjects\GravityEngine\common\src\main\java\cc\sighs\gravityengine\gravity\movement\GravityPhysics.java", "Java", 0, 93, 29, 15, 137
"d:\javaProjects\GravityEngine\common\src\main\java\cc\sighs\gravityengine\gravity\movement\SneakEdgePreventionService.java", "Java", 0, 98, 49, 16, 163
"d:\javaProjects\GravityEngine\common\src\main\java\cc\sighs\gravityengine\gravity\movement\TravelCapturePlan.java", "Java", 0, 132, 40, 25, 197
"d:\javaProjects\GravityEngine\common\src\main\java\cc\sighs\gravityengine\gravity\policy\GravityApplicationPlanner.java", "Java", 0, 82, 34, 15, 131
"d:\javaProjects\GravityEngine\common\src\main\java\cc\sighs\gravityengine\math\Quatd.java", "Java", 0, 255, 44, 38, 337
"d:\javaProjects\GravityEngine\common\src\main\java\cc\sighs\gravityengine\math\geometry\Aabb3d.java", "Java", 0, 132, 8, 18, 158
"d:\javaProjects\GravityEngine\common\src\main\java\cc\sighs\gravityengine\math\geometry\ActiveAxes.java", "Java", 0, 35, 1, 11, 47
"d:\javaProjects\GravityEngine\common\src\main\java\cc\sighs\gravityengine\math\geometry\BodyOrientation3d.java", "Java", 0, 69, 7, 9, 85
"d:\javaProjects\GravityEngine\common\src\main\java\cc\sighs\gravityengine\math\geometry\GeometryTolerance.java", "Java", 0, 12, 9, 10, 31
"d:\javaProjects\GravityEngine\common\src\main\java\cc\sighs\gravityengine\math\geometry\MutableAabb3d.java", "Java", 0, 44, 1, 5, 50
"d:\javaProjects\GravityEngine\common\src\main\java\cc\sighs\gravityengine\math\geometry\Obb3d.java", "Java", 0, 129, 2, 17, 148
"d:\javaProjects\GravityEngine\common\src\main\java\cc\sighs\gravityengine\math\geometry\ObbMath.java", "Java", 0, 20, 1, 4, 25
"d:\javaProjects\GravityEngine\common\src\main\java\cc\sighs\gravityengine\math\geometry\ObbOverlapResult.java", "Java", 0, 68, 1, 12, 81
"d:\javaProjects\GravityEngine\common\src\main\java\cc\sighs\gravityengine\math\geometry\ObbSat.java", "Java", 0, 131, 7, 13, 151
"d:\javaProjects\GravityEngine\common\src\main\java\cc\sighs\gravityengine\math\geometry\ObbScratch.java", "Java", 0, 34, 1, 7, 42
"d:\javaProjects\GravityEngine\common\src\main\java\cc\sighs\gravityengine\math\geometry\ObbSweep.java", "Java", 0, 237, 12, 29, 278
"d:\javaProjects\GravityEngine\common\src\main\java\cc\sighs\gravityengine\math\geometry\ObbSweepResult.java", "Java", 0, 70, 3, 15, 88
"d:\javaProjects\GravityEngine\common\src\main\java\cc\sighs\gravityengine\math\geometry\OrthonormalFrame3d.java", "Java", 0, 256, 22, 31, 309
"d:\javaProjects\GravityEngine\common\src\main\java\cc\sighs\gravityengine\math\geometry\RigidPose.java", "Java", 0, 19, 1, 3, 23
"d:\javaProjects\GravityEngine\common\src\main\java\cc\sighs\gravityengine\math\geometry\Sphere3d.java", "Java", 0, 52, 8, 11, 71
"d:\javaProjects\GravityEngine\common\src\main\java\cc\sighs\gravityengine\network\BodyAttitudeRepresentation.java", "Java", 0, 24, 2, 5, 31
"d:\javaProjects\GravityEngine\common\src\main\java\cc\sighs\gravityengine\network\BodyAttitudeWireValues.java", "Java", 0, 77, 5, 9, 91
"d:\javaProjects\GravityEngine\common\src\main\java\cc\sighs\gravityengine\protocol\BodyAttitudeProtocolLimits.java", "Java", 0, 5, 1, 3, 9
"d:\javaProjects\GravityEngine\common\src\test\java\cc\sighs\gravityengine\ArchitectureBoundaryTest.java", "Java", 0, 327, 0, 45, 372
"d:\javaProjects\GravityEngine\common\src\test\java\cc\sighs\gravityengine\api\math\Vec3dTest.java", "Java", 0, 88, 0, 19, 107
"d:\javaProjects\GravityEngine\common\src\test\java\cc\sighs\gravityengine\gravity\GravityFrameTest.java", "Java", 0, 177, 0, 23, 200
"d:\javaProjects\GravityEngine\common\src\test\java\cc\sighs\gravityengine\gravity\GravityStateTest.java", "Java", 0, 105, 0, 14, 119
"d:\javaProjects\GravityEngine\common\src\test\java\cc\sighs\gravityengine\gravity\collision\ImmutableVectorMigrationRegressionTest.java", "Java", 0, 239, 0, 32, 271
"d:\javaProjects\GravityEngine\common\src\test\java\cc\sighs\gravityengine\math\QuatdTest.java", "Java", 0, 253, 0, 40, 293
"d:\javaProjects\GravityEngine\common\src\test\java\cc\sighs\gravityengine\math\geometry\BodyOrientation3dTest.java", "Java", 0, 92, 0, 15, 107
"d:\javaProjects\GravityEngine\common\src\test\java\cc\sighs\gravityengine\math\geometry\GeometryKernelRegressionTest.java", "Java", 0, 111, 0, 18, 129
"d:\javaProjects\GravityEngine\common\src\test\java\cc\sighs\gravityengine\math\geometry\JomlDifferentialTest.java", "Java", 0, 235, 14, 31, 280
"d:\javaProjects\GravityEngine\common\src\test\java\cc\sighs\gravityengine\math\geometry\OrthonormalFrame3dTest.java", "Java", 0, 88, 0, 15, 103
"Total", "-", 27, 19861, 3972, 2850, 26710